{"stat.useItem.minecraft.glass_pane":126,"stat.crouchOneCm":1047,"stat.useItem.minecraft.nether_brick_stairs":27,"stat.useItem.minecraft.stone_brick_stairs":25,"stat.useItem.minecraft.sticky_piston":6,"achievement.exploreAllBiomes":{"value":0,"progress":["Plains"]},"stat.useItem.minecraft.tnt":5,"stat.useItem.minecraft.redstone_block":127,"stat.useItem.minecraft.quartz_block":976,"stat.useItem.minecraft.stained_glass":978,"stat.useItem.minecraft.minecart":43,"stat.useItem.minecraft.dark_oak_stairs":2,"achievement.openInventory":142,"stat.damageDealt":590,"stat.useItem.minecraft.obsidian":2290,"stat.useItem.minecraft.brick_block":554,"stat.useItem.minecraft.planks":275,"stat.talkedToVillager":1,"stat.useItem.minecraft.quartz_stairs":117,"stat.useItem.minecraft.stained_hardened_clay":1,"stat.flyOneCm":4632235,"stat.useItem.minecraft.golden_rail":330,"stat.useItem.minecraft.stone":2154,"stat.useItem.minecraft.red_flower":28,"stat.useItem.minecraft.birch_door":3,"stat.damageTaken":480,"stat.useItem.minecraft.torch":228,"stat.useItem.minecraft.rail":122,"stat.useItem.minecraft.ladder":14,"stat.useItem.minecraft.redstone_lamp":14,"stat.useItem.minecraft.flint_and_steel":2,"stat.climbOneCm":5101,"stat.useItem.minecraft.redstone":34,"stat.drop":4,"stat.useItem.minecraft.diamond_block":79,"stat.useItem.minecraft.repeater":4,"stat.useItem.minecraft.nether_brick_fence":91,"stat.leaveGame":23,"stat.useItem.minecraft.comparator":1,"stat.diveOneCm":6460,"stat.useItem.minecraft.glowstone":19,"stat.useItem.minecraft.lever":1,"stat.killEntity.Villager":3,"stat.useItem.minecraft.stone_slab":234,"stat.timeSinceDeath":766390,"stat.useItem.minecraft.lapis_block":1350,"stat.useItem.minecraft.acacia_fence":478,"stat.playOneMinute":1209277,"stat.useItem.minecraft.redstone_torch":82,"stat.useItem.minecraft.wool":1640,"stat.useItem.minecraft.acacia_stairs":76,"stat.useItem.minecraft.birch_fence":33,"stat.deaths":2,"stat.swimOneCm":13914,"stat.useItem.minecraft.dark_oak_door":2,"stat.mobKills":3,"stat.walkOneCm":3041514,"stat.useItem.minecraft.sign":7,"stat.minecartOneCm":306555,"stat.useItem.minecraft.birch_stairs":15,"stat.useItem.minecraft.iron_door":9,"stat.useItem.minecraft.carpet":123,"stat.jump":1575,"stat.useItem.minecraft.beacon":390,"stat.useItem.minecraft.banner":7,"stat.useItem.minecraft.detector_rail":7,"stat.useItem.minecraft.spawn_egg":17,"stat.sprintOneCm":316076,"stat.useItem.minecraft.dirt":174}