{"stat.crouchOneCm":14,"stat.useItem.minecraft.obsidian":6389,"achievement.exploreAllBiomes":{"value":0,"progress":["Plains"]},"achievement.openInventory":23,"stat.drop":2,"stat.flyOneCm":792737,"stat.useItem.minecraft.diamond_block":29,"stat.timeSinceDeath":230156,"stat.playOneMinute":230156,"stat.leaveGame":10,"stat.useItem.minecraft.wool":561,"stat.useItem.minecraft.birch_fence":9,"stat.walkOneCm":1424435,"stat.jump":159,"stat.swimOneCm":489,"stat.useItem.minecraft.sign":17,"stat.sprintOneCm":1130,"stat.useItem.minecraft.dirt":31}