{"stat.useItem.minecraft.anvil":10,"stat.useItem.minecraft.glass_pane":48,"stat.useItem.minecraft.chest":34,"stat.useItem.minecraft.iron_bars":34,"stat.useItem.minecraft.cobblestone":403,"stat.useItem.minecraft.leaves":4,"stat.useItem.minecraft.netherrack":6,"stat.useItem.minecraft.heavy_weighted_pressure_plate":15,"stat.useItem.minecraft.quartz_block":489,"stat.useItem.minecraft.record_cat":2,"stat.useItem.minecraft.wooden_door":1,"stat.useItem.minecraft.stained_glass":65,"stat.useItem.minecraft.minecart":35,"achievement.openInventory":1979,"stat.craftItem.minecraft.map":1,"stat.damageDealt":7145,"stat.useItem.minecraft.fence":316,"stat.useItem.minecraft.item_frame":4,"stat.useItem.minecraft.brick_block":770,"stat.useItem.minecraft.iron_block":758,"stat.useItem.minecraft.brewing_stand":2,"stat.crouchOneCm":1557,"stat.useItem.minecraft.stained_glass_pane":123,"stat.useItem.minecraft.sticky_piston":46,"stat.useItem.minecraft.acacia_door":10,"achievement.exploreAllBiomes":{"value":0,"progress":["Plains"]},"stat.useItem.minecraft.log":1,"stat.useItem.minecraft.tnt":1,"stat.useItem.minecraft.bedrock":2,"stat.useItem.minecraft.redstone_block":29,"stat.useItem.minecraft.spruce_door":2,"stat.useItem.minecraft.obsidian":1478,"stat.craftItem.minecraft.leather_helmet":4,"stat.useItem.minecraft.planks":852,"stat.talkedToVillager":32,"stat.useItem.minecraft.quartz_stairs":37,"stat.useItem.minecraft.noteblock":6,"stat.fallOneCm":2344,"stat.flyOneCm":5810809,"stat.useItem.minecraft.writable_book":10,"stat.useItem.minecraft.red_flower":25,"stat.useItem.minecraft.light_weighted_pressure_plate":6,"stat.useItem.minecraft.cactus":19,"stat.damageTaken":1160,"stat.useItem.minecraft.torch":112,"stat.useItem.minecraft.milk_bucket":1,"stat.craftItem.minecraft.bread":23,"stat.useItem.minecraft.bed":19,"stat.useItem.minecraft.dispenser":5,"stat.useItem.minecraft.diamond_sword":85,"stat.useItem.minecraft.wooden_pressure_plate":19,"stat.useItem.minecraft.wheat_seeds":99,"stat.useItem.minecraft.oak_stairs":233,"stat.useItem.minecraft.jukebox":3,"stat.useItem.minecraft.dropper":1,"stat.useItem.minecraft.stained_hardened_clay":90,"stat.useItem.minecraft.skull":10,"stat.useItem.minecraft.stonebrick":7,"stat.useItem.minecraft.golden_rail":244,"stat.useItem.minecraft.dye":139,"stat.useItem.minecraft.stone":289,"stat.useItem.minecraft.furnace":1,"stat.craftItem.minecraft.leather_boots":5,"stat.useItem.minecraft.birch_door":12,"stat.useItem.minecraft.trapped_chest":4,"stat.useItem.minecraft.rail":28,"stat.useItem.minecraft.ladder":32,"stat.useItem.minecraft.enchanting_table":5,"stat.useItem.minecraft.ender_chest":4,"stat.useItem.minecraft.redstone_lamp":59,"stat.useItem.minecraft.flint_and_steel":51,"stat.climbOneCm":59193,"stat.useItem.minecraft.jungle_door":10,"stat.useItem.minecraft.redstone":226,"stat.useItem.minecraft.potion":72,"stat.drop":58,"stat.useItem.minecraft.brick_stairs":9,"stat.useItem.minecraft.diamond_block":236,"stat.useItem.minecraft.repeater":15,"stat.useItem.minecraft.stone_pressure_plate":34,"stat.useItem.minecraft.glowstone":1320,"stat.useItem.minecraft.bow":143,"stat.useItem.minecraft.spruce_stairs":3,"stat.useItem.minecraft.gold_block":747,"stat.useItem.minecraft.activator_rail":12,"stat.useItem.minecraft.sand":8,"stat.useItem.minecraft.stone_slab":31,"stat.craftItem.minecraft.leather_chestplate":9,"stat.useItem.minecraft.lapis_block":102,"stat.useItem.minecraft.crafting_table":16,"stat.useItem.minecraft.acacia_fence":2,"stat.playOneMinute":1427437,"stat.useItem.minecraft.redstone_torch":116,"stat.craftItem.minecraft.gold_ingot":81,"stat.useItem.minecraft.birch_fence":28,"stat.useItem.minecraft.hopper":2,"stat.leaveGame":28,"stat.diveOneCm":27631,"stat.useItem.minecraft.lever":62,"stat.useItem.minecraft.glass":70,"stat.killEntity.Villager":26,"stat.timeSinceDeath":53147,"stat.useItem.minecraft.birch_fence_gate":4,"stat.useItem.minecraft.iron_trapdoor":4,"stat.useItem.minecraft.chest_minecart":12,"stat.useItem.minecraft.gravel":5,"stat.useItem.minecraft.waterlily":8,"stat.useItem.minecraft.emerald_block":18,"stat.useItem.minecraft.record_blocks":1,"stat.useItem.minecraft.wool":602,"stat.useItem.minecraft.nether_brick":1,"stat.useItem.minecraft.tripwire_hook":5,"stat.useItem.minecraft.pumpkin":1,"stat.useItem.minecraft.fishing_rod":94,"stat.craftItem.minecraft.leather_leggings":8,"stat.swimOneCm":18466,"stat.useItem.minecraft.dark_oak_door":3,"stat.walkOneCm":3426048,"stat.useItem.minecraft.sandstone":6,"stat.useItem.minecraft.iron_door":8,"stat.useItem.minecraft.carpet":107,"stat.jump":2463,"stat.useItem.minecraft.wooden_button":11,"stat.useItem.minecraft.beacon":74,"stat.useItem.minecraft.record_mall":2,"stat.useItem.minecraft.spruce_fence_gate":1,"stat.deaths":5,"stat.useItem.minecraft.written_book":1,"stat.mobKills":32,"stat.useItem.minecraft.bucket":31,"stat.useItem.minecraft.string":6,"stat.useItem.minecraft.sign":59,"stat.mineBlock.minecraft.dirt":4,"stat.minecartOneCm":527226,"stat.useItem.minecraft.diamond_hoe":121,"stat.useItem.minecraft.bookshelf":27,"stat.useItem.minecraft.armor_stand":11,"stat.useItem.minecraft.piston":58,"stat.useItem.minecraft.banner":1,"stat.useItem.minecraft.detector_rail":23,"stat.useItem.minecraft.spawn_egg":6,"stat.useItem.minecraft.trapdoor":7,"stat.useItem.minecraft.sea_lantern":23,"stat.sprintOneCm":635013,"stat.useItem.minecraft.dirt":447}