{"stat.crouchOneCm":31576,"stat.useItem.minecraft.anvil":5,"stat.useItem.minecraft.glass_pane":495,"stat.useItem.minecraft.stained_glass_pane":217,"stat.useItem.minecraft.chest":46,"stat.useItem.minecraft.sticky_piston":26,"stat.useItem.minecraft.cobblestone":2068,"stat.useItem.minecraft.acacia_door":1,"achievement.exploreAllBiomes":{"value":0,"progress":["Plains"]},"stat.useItem.minecraft.bedrock":186,"stat.useItem.minecraft.quartz_block":1204,"stat.useItem.minecraft.wooden_door":3,"stat.useItem.minecraft.stained_glass":90,"stat.useItem.minecraft.minecart":18,"achievement.openInventory":1040,"stat.useItem.minecraft.red_sandstone":1,"stat.damageDealt":680,"stat.useItem.minecraft.obsidian":3840,"stat.useItem.minecraft.fence":9,"stat.useItem.minecraft.item_frame":27,"stat.useItem.minecraft.brick_block":1009,"stat.useItem.minecraft.iron_block":92,"stat.craftItem.minecraft.leather_helmet":2,"stat.useItem.minecraft.planks":1904,"stat.talkedToVillager":1,"stat.useItem.minecraft.quartz_stairs":5,"stat.flyOneCm":6969528,"stat.useItem.minecraft.jungle_stairs":6,"stat.useItem.minecraft.torch":106,"stat.useItem.minecraft.milk_bucket":9,"stat.useItem.minecraft.bed":6,"stat.useItem.minecraft.diamond_sword":6,"stat.useItem.minecraft.dispenser":1,"stat.useItem.minecraft.cake":1,"stat.useItem.minecraft.jukebox":2,"stat.useItem.minecraft.stained_hardened_clay":731,"stat.useItem.minecraft.golden_rail":1,"stat.useItem.minecraft.stone":1027,"stat.useItem.minecraft.furnace":2,"stat.craftItem.minecraft.leather_boots":4,"stat.useItem.minecraft.birch_door":23,"stat.useItem.minecraft.flower_pot":4,"stat.useItem.minecraft.enchanting_table":18,"stat.useItem.minecraft.redstone_lamp":3,"stat.climbOneCm":17331,"stat.useItem.minecraft.redstone":172,"stat.useItem.minecraft.potion":1869,"stat.drop":213,"stat.useItem.minecraft.diamond_block":8,"stat.useItem.minecraft.repeater":2,"stat.useItem.minecraft.stone_pressure_plate":40,"stat.useItem.minecraft.comparator":2,"stat.useItem.minecraft.glowstone":4,"stat.useItem.minecraft.bow":53,"stat.useItem.minecraft.sand":3,"stat.useItem.minecraft.stone_slab":1883,"stat.craftItem.minecraft.leather_chestplate":3,"stat.useItem.minecraft.jungle_fence":21,"stat.useItem.minecraft.lapis_block":3254,"stat.useItem.minecraft.crafting_table":5,"stat.playOneMinute":1715728,"stat.useItem.minecraft.redstone_torch":4,"stat.useItem.minecraft.birch_fence":86,"stat.useItem.minecraft.hopper":15,"stat.leaveGame":51,"stat.diveOneCm":10750,"stat.useItem.minecraft.lever":89,"stat.useItem.minecraft.glass":83,"stat.killEntity.Villager":3,"stat.timeSinceDeath":1715728,"stat.useItem.minecraft.birch_fence_gate":10,"stat.useItem.minecraft.iron_trapdoor":1,"stat.useItem.minecraft.gravel":60,"stat.useItem.minecraft.emerald_block":19,"stat.useItem.minecraft.wool":3611,"stat.useItem.minecraft.tripwire_hook":3,"stat.craftItem.minecraft.leather_leggings":4,"stat.swimOneCm":7693,"stat.useItem.minecraft.dark_oak_door":6,"stat.walkOneCm":4081932,"stat.useItem.minecraft.sandstone":803,"stat.useItem.minecraft.iron_door":40,"stat.useItem.minecraft.carpet":2,"stat.jump":7823,"stat.useItem.minecraft.beacon":41,"stat.useItem.minecraft.record_chirp":3,"stat.useItem.minecraft.record_mall":2,"stat.useItem.minecraft.red_sandstone_stairs":12,"stat.useItem.minecraft.daylight_detector":69,"stat.useItem.minecraft.cobblestone_wall":283,"stat.useItem.minecraft.coal_block":12,"stat.useItem.minecraft.vine":67,"stat.useItem.minecraft.wooden_slab":11,"stat.craftItem.minecraft.crafting_table":1,"stat.mobKills":3,"stat.useItem.minecraft.sign":89,"stat.minecartOneCm":295306,"stat.useItem.minecraft.birch_stairs":84,"stat.useItem.minecraft.bookshelf":38,"stat.useItem.minecraft.armor_stand":20,"stat.useItem.minecraft.banner":14,"stat.useItem.minecraft.spawn_egg":29,"stat.sprintOneCm":1468594,"stat.useItem.minecraft.dirt":667}