{"stat.useItem.minecraft.anvil":6,"stat.useItem.minecraft.glass_pane":355,"stat.useItem.minecraft.chest":17,"stat.useItem.minecraft.nether_brick_stairs":3,"stat.useItem.minecraft.fence_gate":5,"stat.useItem.minecraft.iron_bars":14,"stat.useItem.minecraft.stone_brick_stairs":121,"stat.useItem.minecraft.dark_oak_fence_gate":4,"stat.useItem.minecraft.cobblestone":227,"stat.useItem.minecraft.stone_button":49,"stat.useItem.minecraft.leaves":116,"stat.useItem.minecraft.netherrack":142,"stat.useItem.minecraft.heavy_weighted_pressure_plate":76,"stat.useItem.minecraft.quartz_block":1323,"stat.useItem.minecraft.stained_glass":143,"stat.useItem.minecraft.minecart":29,"achievement.openInventory":605,"stat.damageDealt":15717,"stat.useItem.minecraft.fire_charge":2,"stat.useItem.minecraft.experience_bottle":280,"stat.useItem.minecraft.fence":55,"stat.useItem.minecraft.item_frame":6,"stat.useItem.minecraft.iron_block":71,"stat.crouchOneCm":7054,"stat.useItem.minecraft.sticky_piston":479,"stat.useItem.minecraft.acacia_door":17,"achievement.exploreAllBiomes":{"value":0,"progress":["Plains"]},"stat.useItem.minecraft.log":188,"stat.useItem.minecraft.tnt":11,"stat.useItem.minecraft.bedrock":13,"stat.useItem.minecraft.redstone_block":123,"stat.useItem.minecraft.snowball":600,"stat.useItem.minecraft.obsidian":2112,"stat.craftItem.minecraft.leather_helmet":1,"stat.useItem.minecraft.snow_layer":23,"stat.useItem.minecraft.planks":911,"stat.talkedToVillager":27,"stat.useItem.minecraft.quartz_stairs":173,"stat.useItem.minecraft.noteblock":8,"stat.fallOneCm":659,"stat.flyOneCm":3424899,"stat.useItem.minecraft.writable_book":1,"stat.useItem.minecraft.light_weighted_pressure_plate":1,"stat.damageTaken":40,"stat.useItem.minecraft.torch":34,"stat.useItem.minecraft.boat":6,"stat.useItem.minecraft.milk_bucket":8,"stat.useItem.minecraft.bed":7,"stat.useItem.minecraft.monster_egg":3,"stat.useItem.minecraft.dispenser":107,"stat.useItem.minecraft.diamond_sword":109,"stat.useItem.minecraft.wooden_pressure_plate":115,"stat.useItem.minecraft.sponge":8,"stat.useItem.minecraft.oak_stairs":54,"stat.useItem.minecraft.jukebox":1,"stat.useItem.minecraft.golden_rail":90,"stat.useItem.minecraft.stone":7430,"stat.useItem.minecraft.furnace":7,"stat.craftItem.minecraft.leather_boots":1,"stat.useItem.minecraft.birch_door":18,"stat.useItem.minecraft.flower_pot":3,"stat.useItem.minecraft.trapped_chest":12,"stat.useItem.minecraft.rail":22,"stat.useItem.minecraft.end_portal_frame":6,"stat.useItem.minecraft.ladder":74,"stat.useItem.minecraft.double_plant":104,"stat.useItem.minecraft.enchanting_table":10,"stat.useItem.minecraft.ender_chest":8,"stat.useItem.minecraft.redstone_lamp":201,"stat.useItem.minecraft.flint_and_steel":176,"stat.climbOneCm":55242,"stat.useItem.minecraft.jungle_door":3,"stat.useItem.minecraft.redstone":623,"stat.useItem.minecraft.potion":1533,"stat.drop":13,"stat.useItem.minecraft.diamond_block":415,"stat.useItem.minecraft.repeater":51,"stat.useItem.minecraft.stone_pressure_plate":83,"stat.useItem.minecraft.nether_brick_fence":24,"stat.useItem.minecraft.comparator":3,"stat.useItem.minecraft.glowstone":590,"stat.useItem.minecraft.bow":57,"stat.useItem.minecraft.gold_block":76,"stat.useItem.minecraft.activator_rail":1,"stat.useItem.minecraft.stone_slab":1103,"stat.craftItem.minecraft.leather_chestplate":1,"stat.useItem.minecraft.lapis_block":497,"stat.useItem.minecraft.crafting_table":8,"stat.playOneMinute":1936854,"stat.useItem.minecraft.redstone_torch":109,"stat.useItem.minecraft.birch_fence":135,"stat.useItem.minecraft.hopper":34,"stat.useItem.minecraft.iron_ore":11,"stat.leaveGame":28,"stat.diveOneCm":3265,"stat.useItem.minecraft.lever":174,"stat.useItem.minecraft.glass":518,"stat.killEntity.Villager":54,"stat.timeSinceDeath":126984,"stat.useItem.minecraft.birch_fence_gate":6,"stat.useItem.minecraft.iron_trapdoor":12,"stat.useItem.minecraft.chest_minecart":1,"stat.useItem.minecraft.waterlily":3,"stat.useItem.minecraft.emerald_block":17,"stat.boatOneCm":835,"stat.useItem.minecraft.wool":401,"stat.useItem.minecraft.tripwire_hook":3,"stat.useItem.minecraft.acacia_stairs":45,"stat.useItem.minecraft.fishing_rod":25,"stat.craftItem.minecraft.leather_leggings":3,"stat.swimOneCm":14815,"stat.walkOneCm":3672811,"stat.useItem.minecraft.iron_door":18,"stat.useItem.minecraft.carpet":326,"stat.jump":4913,"stat.useItem.minecraft.wooden_button":2,"stat.useItem.minecraft.beacon":55,"stat.useItem.minecraft.record_mall":1,"stat.useItem.minecraft.daylight_detector":75,"stat.useItem.minecraft.tnt_minecart":7,"stat.useItem.minecraft.cobblestone_wall":32,"stat.useItem.minecraft.coal_block":18,"stat.deaths":2,"stat.useItem.minecraft.wooden_slab":127,"stat.mobKills":55,"stat.useItem.minecraft.string":2,"stat.useItem.minecraft.sign":37,"stat.minecartOneCm":298319,"stat.useItem.minecraft.birch_stairs":28,"stat.useItem.minecraft.bookshelf":45,"stat.useItem.minecraft.armor_stand":13,"stat.useItem.minecraft.piston":79,"stat.useItem.minecraft.banner":18,"stat.useItem.minecraft.detector_rail":6,"stat.useItem.minecraft.spawn_egg":175,"stat.useItem.minecraft.trapdoor":8,"stat.useItem.minecraft.sea_lantern":338,"stat.sprintOneCm":926201,"stat.useItem.minecraft.dirt":516}